id_mensaje,id_usuario,followers,mensaje
1,1,2005,semper
2,2,2009,imperdiet
3,3,2001,in
4,4,2007,faucibus
5,5,1992,convallis
6,6,2011,erat
7,7,1997,integer
8,8,2006,dolor
9,9,2009,vel
10,10,2011,ultrices
11,11,1999,leo
12,12,2011,at
13,13,1989,faucibus
14,14,1988,consequat
15,15,1994,eu
16,16,1997,purus
17,17,1985,amet
18,18,1993,non
19,19,2012,adipiscing
20,20,2001,a
21,21,2008,at
22,22,1995,suspendisse
23,23,2008,odio
24,24,1998,consequat
25,25,2005,ligula
26,26,1992,posuere
27,27,2011,molestie
28,28,1997,pulvinar
29,29,2007,bibendum
30,30,2012,commodo
